{
  "best_trial": 4,
  "best_params": {
    "rcut": 6.0,
    "rcut_smth": 0.3,
    "neuron_config": "medium",
    "start_lr": 0.0033375858363131486,
    "numb_steps": 5000,
    "decay_steps": 300
  },
  "best_value": 0.0632,
  "all_trials": [
    {
      "trial": 0,
      "params": {
        "rcut": 5.5,
        "rcut_smth": 0.6000000000000001,
        "neuron_config": "large",
        "start_lr": 0.0007619183246224399,
        "numb_steps": 3000,
        "decay_steps": 300
      },
      "train_losses": [
        2.63,
        0.0838,
        0.391,
        0.294,
        0.16,
        0.116,
        0.113,
        0.0671,
        0.196,
        0.0608,
        0.26,
        0.115,
        0.0767,
        0.0773,
        0.11,
        0.0705,
        0.0947,
        0.0586,
        0.0701,
        0.107,
        0.0642,
        0.179,
        0.129,
        0.0835,
        0.0407,
        0.105,
        0.187,
        0.0404,
        0.191,
        0.129,
        0.111
      ],
      "time": 307.9945213794708
    },
    {
      "trial": 1,
      "params": {
        "rcut": 5.0,
        "rcut_smth": 1.0,
        "neuron_config": "small",
        "start_lr": 0.0008324114046278044,
        "numb_steps": 5000,
        "decay_steps": 300
      },
      "train_losses": [
        1.59,
        0.225,
        0.152,
        0.261,
        0.152,
        0.139,
        0.0443,
        0.144,
        0.262,
        0.039,
        0.145,
        0.0636,
        0.176,
        0.0504,
        0.0911,
        0.153,
        0.0541,
        0.0783,
        0.0829,
        0.132,
        0.154,
        0.0719,
        0.174,
        0.0657,
        0.08,
        0.0519,
        0.0577,
        0.0706,
        0.201,
        0.123,
        0.0848,
        0.128,
        0.167,
        0.0509,
        0.0589,
        0.235,
        0.0612,
        0.0443,
        0.0466,
        0.0753,
        0.157,
        0.0601,
        0.0854,
        0.0658,
        0.0909,
        0.0533,
        0.148,
        0.0324,
        0.101,
        0.101,
        0.164
      ],
      "time": 335.82502937316895
    },
    {
      "trial": 2,
      "params": {
        "rcut": 6.5,
        "rcut_smth": 1.0,
        "neuron_config": "small",
        "start_lr": 0.0008038197508253412,
        "numb_steps": 3000,
        "decay_steps": 300
      },
      "train_losses": [
        1.57,
        0.207,
        0.437,
        0.341,
        0.159,
        0.167,
        0.0406,
        0.194,
        0.417,
        0.0432,
        0.207,
        0.0744,
        0.384,
        0.054,
        0.131,
        0.147,
        0.0425,
        0.0812,
        0.151,
        0.128,
        0.693,
        0.0636,
        0.265,
        0.0618,
        0.14,
        0.0611,
        0.0574,
        0.0911,
        0.816,
        0.305,
        0.141
      ],
      "time": 243.27822041511536
    },
    {
      "trial": 3,
      "params": {
        "rcut": 5.0,
        "rcut_smth": 1.0,
        "neuron_config": "small",
        "start_lr": 0.0023459660746392073,
        "numb_steps": 5000,
        "decay_steps": 300
      },
      "train_losses": [
        1.59,
        0.293,
        0.132,
        0.249,
        0.15,
        0.13,
        0.0507,
        0.128,
        0.236,
        0.0397,
        0.145,
        0.0655,
        0.155,
        0.0478,
        0.0871,
        0.146,
        0.0587,
        0.0854,
        0.0842,
        0.13,
        0.12,
        0.0647,
        0.168,
        0.0734,
        0.0793,
        0.0551,
        0.0554,
        0.0722,
        0.16,
        0.111,
        0.0771,
        0.111,
        0.141,
        0.0493,
        0.0608,
        0.117,
        0.063,
        0.0415,
        0.0484,
        0.0695,
        0.136,
        0.0581,
        0.0791,
        0.0652,
        0.0859,
        0.0486,
        0.123,
        0.035,
        0.0829,
        0.0897,
        0.134
      ],
      "time": 349.59263825416565
    },
    {
      "trial": 4,
      "params": {
        "rcut": 6.0,
        "rcut_smth": 0.3,
        "neuron_config": "medium",
        "start_lr": 0.0033375858363131486,
        "numb_steps": 5000,
        "decay_steps": 300
      },
      "train_losses": [
        2.73,
        0.843,
        0.133,
        0.114,
        0.137,
        0.0687,
        0.0465,
        0.0954,
        0.043,
        0.088,
        0.055,
        0.0346,
        0.0459,
        0.0364,
        0.0487,
        0.0392,
        0.0528,
        0.0564,
        0.052,
        0.0342,
        0.0454,
        0.0415,
        0.0182,
        0.0583,
        0.0585,
        0.0525,
        0.0522,
        0.0503,
        0.0504,
        0.0343,
        0.0343,
        0.0411,
        0.0389,
        0.0369,
        0.0473,
        0.0435,
        0.0329,
        0.0381,
        0.0449,
        0.0465,
        0.0159,
        0.0184,
        0.0567,
        0.0492,
        0.0411,
        0.0565,
        0.031,
        0.0414,
        0.0393,
        0.029,
        0.0632
      ],
      "time": 461.89919114112854
    },
    {
      "trial": 5,
      "params": {
        "rcut": 5.0,
        "rcut_smth": 1.0,
        "neuron_config": "large",
        "start_lr": 0.001628534148961368,
        "numb_steps": 5000,
        "decay_steps": 300
      },
      "train_losses": [
        2.63,
        0.156,
        0.193,
        0.334,
        0.138,
        0.0914,
        0.0922,
        0.0595,
        0.208,
        0.0619,
        0.119,
        0.0779,
        0.0677,
        0.0777,
        0.0889,
        0.0584,
        0.077,
        0.0494,
        0.0557,
        0.0894,
        0.051,
        0.125,
        0.0768,
        0.0633,
        0.0325,
        0.0694,
        0.101,
        0.04,
        0.139,
        0.0921,
        0.0798,
        0.0989,
        0.0597,
        0.113,
        0.0642,
        0.134,
        0.0534,
        0.0411,
        0.0899,
        0.093,
        0.085,
        0.0643,
        0.0921,
        0.0498,
        0.0981,
        0.0493,
        0.129,
        0.0499,
        0.0775,
        0.046,
        0.0856
      ],
      "time": 507.8894646167755
    }
  ]
}